bulan;tahun;jumlah_curah_hujan;prediksi
1;2015;745.0;0
2;2015;419.0;0
3;2015;536.0;566
4;2015;266.0;407
5;2015;164.0;322
6;2015;0.0;143
7;2015;0.0;54
8;2015;0.0;0
9;2015;0.0;0
10;2015;0.0;0
11;2015;581.0;193
12;2015;321.0;300
1;2015;384.0;428
2;2015;296.0;333
3;2015;337.0;339
4;2015;328.0;320
5;2015;161.0;275
6;2015;0.0;163
7;2015;5.0;55
8;2015;0.0;1
9;2015;0.0;1
10;2015;0.0;0
11;2015;970.0;323
12;2015;171.0;380
1;2015;361.0;500
2;2015;339.0;290
3;2015;276.0;325
4;2015;224.0;279
5;2015;54.0;184
6;2015;84.0;120
7;2015;3.0;47
8;2015;4.0;30
9;2015;1.0;2
10;2015;0.0;1
11;2015;351.0;117
12;2015;263.0;204
1;2015;23.0;212
2;2015;83.0;123
3;2015;26.0;44
4;2015;25.0;44
5;2015;25.0;25
6;2015;33.0;27
7;2015;0.0;19
8;2015;0.0;11
9;2015;0.0;0
10;2015;0.0;0
11;2015;84.0;28
12;2015;238.0;107
1;2015;240.0;187
2;2015;276.0;251
3;2015;280.0;265
4;2015;219.0;258
5;2015;152.0;217
6;2015;51.0;140
7;2015;3.0;68
8;2015;0.0;18
9;2015;7.0;3
10;2015;0.0;2
11;2015;365.0;124
12;2015;478.0;281
1;2015;311.0;384
2;2015;625.0;471
3;2015;350.0;428
4;2015;237.0;404
5;2015;112.0;233
6;2015;110.0;153
7;2015;10.0;77
8;2015;0.0;40
9;2015;0.0;3
10;2015;0.0;0
11;2015;765.0;255
12;2015;262.0;342
1;2015;53.0;360
2;2015;133.0;149
3;2015;124.0;103
4;2015;55.0;104
5;2015;200.0;126
6;2015;264.0;173
7;2015;13.0;159
8;2015;10.0;95
9;2015;0.0;7
10;2015;5.0;5
11;2015;209.0;71
12;2015;298.0;170
1;2015;584.0;363
2;2015;435.0;439
3;2015;519.0;512
4;2015;222.0;392
5;2015;293.0;344
6;2015;98.0;204
7;2015;32.0;141
8;2015;25.0;51
9;2015;0.0;19
10;2015;0.0;8
11;2015;723.0;241
12;2015;691.9;471
1;2015;490.0;634
2;2015;492.0;557
3;2015;481.0;487
4;2015;409.0;460
5;2015;219.0;369
6;2015;194.0;274
7;2015;36.0;149
8;2015;7.0;79
9;2015;3.0;15
10;2015;0.0;3
11;2015;723.0;242
12;2015;280.0;334
1;2015;113.0;372
2;2015;120.0;171
3;2015;231.0;154
4;2015;106.0;152
5;2015;23.0;120
6;2015;134.0;87
7;2015;5.0;54
8;2015;18.0;52
9;2015;0.0;7
10;2015;0.0;6
11;2015;376.0;125
12;2015;300.5;225
1;2015;143.0;273
2;2015;155.0;199
3;2015;288.0;195
4;2015;70.0;171
5;2015;0.0;119
6;2015;0.0;23
7;2015;0.0;0
8;2015;6.0;2
9;2015;0.0;2
10;2015;0.0;2
11;2015;255.0;85
12;2015;138.0;131
1;2015;23.0;138
2;2015;429.0;196
3;2015;320.0;257
4;2015;253.0;334
5;2015;74.0;215
6;2015;46.0;124
7;2015;5.0;41
8;2015;0.0;17
9;2015;0.0;1
10;2015;0.0;0
11;2015;302.0;100
12;2015;223.0;175
1;2015;214.0;246
2;2015;358.0;265
3;2015;169.0;247
4;2015;202.0;243
5;2015;221.0;197
6;2015;221.0;214
7;2015;66.0;169
8;2015;27.0;104
9;2015;0.0;31
10;2015;0.0;9
11;2015;429.0;143
12;2015;290.0;239
1;2015;123.0;280
2;2015;133.0;182
3;2015;198.0;151
4;2015;126.0;152
5;2015;41.0;121
6;2015;156.0;107
7;2015;17.0;71
8;2015;19.0;64
9;2015;3.0;13
10;2015;0.0;7
11;2015;369.0;124
12;2015;181.0;183
1;2015;333.0;294
2;2015;296.0;270
3;2015;460.0;363
4;2015;268.0;341
5;2015;138.0;288
6;2015;33.0;146
7;2015;12.0;61
8;2015;0.0;15
9;2015;0.0;4
10;2015;4.0;1
11;2015;611.0;205
12;2015;597.0;404
1;2015;305.0;504
2;2015;505.0;469
3;2015;283.0;364
4;2015;588.0;458
5;2015;355.0;408
6;2015;60.0;334
7;2015;0.0;138
8;2015;0.0;20
9;2015;0.0;0
10;2015;0.0;0
11;2015;438.0;146
12;2015;249.0;229
1;2015;135.0;274
2;2015;440.0;274
3;2015;269.0;281
4;2015;128.0;279
5;2015;123.0;173
6;2015;20.0;90
7;2015;8.0;50
8;2015;0.0;9
9;2015;0.0;2
10;2015;0.0;0
11;2015;792.0;264
12;2015;798.0;530
1;2015;194.0;594
2;2015;266.0;419
3;2015;295.0;251
4;2015;327.0;296
5;2015;124.0;248
6;2015;67.0;172
7;2015;8.0;66
8;2015;20.0;31
9;2015;0.0;9
10;2015;0.0;6
11;2015;393.0;131
12;2015;321.0;238
1;2015;303.0;339
2;2015;370.0;331
3;2015;292.0;321
4;2015;107.0;256
5;2015;106.0;168
6;2015;75.0;96
7;2015;19.0;66
8;2015;1.0;31
9;2015;2.0;7
10;2015;0.0;1
11;2015;384.0;128
12;2015;310.8;231
1;2015;241.0;311
2;2015;282.0;277
3;2015;297.0;273
4;2015;257.0;278
5;2015;190.0;248
6;2015;60.0;169
7;2015;13.0;87
8;2015;15.0;29
9;2015;5.0;11
10;2015;2.0;7
11;2015;348.0;118
12;2015;321.0;223
1;2016;489.0;386
2;2016;398.0;402
3;2016;502.0;463
4;2016;224.0;374
5;2016;255.0;327
6;2016;174.0;217
7;2016;351.0;260
8;2016;469.0;331
9;2016;591.0;470
10;2016;527.0;529
11;2016;636.0;584
12;2016;1065.0;742
1;2016;263.0;654
2;2016;414.0;580
3;2016;436.0;371
4;2016;440.0;430
5;2016;425.0;433
6;2016;352.0;405
7;2016;141.0;306
8;2016;270.0;254
9;2016;388.0;266
10;2016;432.0;363
11;2016;645.0;488
12;2016;171.0;416
1;2016;489.0;435
2;2016;398.0;352
3;2016;502.0;463
4;2016;224.0;374
5;2016;255.0;327
6;2016;174.0;217
7;2016;351.0;260
8;2016;469.0;331
9;2016;591.0;470
10;2016;527.0;529
11;2016;636.0;584
12;2016;314.3;492
1;2016;77.0;342
2;2016;87.0;159
3;2016;114.0;92
4;2016;104.0;101
5;2016;113.0;110
6;2016;100.0;105
7;2016;96.0;103
8;2016;149.0;115
9;2016;334.0;193
10;2016;278.0;253
11;2016;509.0;373
12;2016;285.0;357
1;2016;232.0;342
2;2016;411.0;309
3;2016;338.0;327
4;2016;338.0;362
5;2016;319.0;331
6;2016;232.0;296
7;2016;425.0;325
8;2016;263.0;306
9;2016;449.0;379
10;2016;835.0;515
11;2016;421.0;568
12;2016;213.2;489
1;2016;553.0;395
2;2016;620.0;462
3;2016;716.0;629
4;2016;415.0;583
5;2016;363.0;498
6;2016;130.0;302
7;2016;284.0;259
8;2016;421.0;278
9;2016;533.0;412
10;2016;622.0;525
11;2016;865.0;673
12;2016;658.0;715
1;2016;65.0;529
2;2016;159.0;294
3;2016;171.0;131
4;2016;217.0;182
5;2016;216.0;201
6;2016;90.0;174
7;2016;267.0;191
8;2016;182.0;179
9;2016;380.0;276
10;2016;497.0;353
11;2016;248.0;375
12;2016;106.4;283
1;2016;536.0;296
2;2016;834.0;492
3;2016;821.0;730
4;2016;465.0;706
5;2016;366.0;550
6;2016;374.0;401
7;2016;675.0;471
8;2016;519.0;522
9;2016;222.0;472
10;2016;372.0;371
11;2016;589.2;394
12;2016;461.0;474
1;2016;508.0;519
2;2016;526.0;498
3;2016;483.0;505
4;2016;386.0;465
5;2016;371.0;413
6;2016;279.0;345
7;2016;560.0;403
8;2016;308.0;382
9;2016;537.0;468
10;2016;372.0;405
11;2016;329.0;412
12;2016;505.5;402
1;2016;247.0;360
2;2016;544.0;432
3;2016;557.0;449
4;2016;206.0;435
5;2016;252.0;338
6;2016;148.0;202
7;2016;208.0;202
8;2016;245.0;200
9;2016;422.0;291
10;2016;278.0;315
11;2016;558.0;419
12;2016;393.0;409
1;2016;224.0;391
2;2016;362.0;326
3;2016;344.0;310
4;2016;201.0;302
5;2016;411.0;318
6;2016;78.0;230
7;2016;485.0;324
8;2016;297.0;286
9;2016;535.0;439
10;2016;632.0;488
11;2016;509.0;558
12;2016;285.0;475
1;2016;247.0;347
2;2016;544.0;358
3;2016;557.0;449
4;2016;206.0;435
5;2016;252.0;338
6;2016;148.0;202
7;2016;208.0;202
8;2016;245.0;200
9;2016;422.0;291
10;2016;278.0;315
11;2016;558.0;419
12;2016;540.0;458
1;2016;318.0;472
2;2016;1077.0;645
3;2016;555.0;650
4;2016;555.0;729
5;2016;1239.0;783
6;2016;537.0;777
7;2016;910.0;895
8;2016;666.0;704
9;2016;834.0;803
10;2016;935.0;811
11;2016;659.0;809
12;2016;183.0;592
1;2016;292.0;378
2;2016;330.0;268
3;2016;388.0;336
4;2016;356.0;358
5;2016;266.0;336
6;2016;74.0;232
7;2016;414.0;251
8;2016;160.0;216
9;2016;545.0;373
10;2016;613.0;439
11;2016;265.0;474
12;2016;115.4;331
1;2016;335.0;238
2;2016;424.0;291
3;2016;527.0;428
4;2016;351.0;434
5;2016;350.0;409
6;2016;336.0;345
7;2016;184.0;290
8;2016;173.0;231
9;2016;609.0;322
10;2016;547.0;443
11;2016;503.0;553
12;2016;629.0;559
1;2016;414.0;515
2;2016;429.0;490
3;2016;365.0;402
4;2016;311.0;368
5;2016;286.0;320
6;2016;174.0;257
7;2016;371.0;277
8;2016;70.0;205
9;2016;380.0;273
10;2016;480.0;310
11;2016;783.0;547
12;2016;379.0;547
1;2016;109.0;423
2;2016;514.0;334
3;2016;838.0;487
4;2016;806.0;719
5;2016;1050.0;898
6;2016;413.0;756
7;2016;1542.0;1001
8;2016;791.0;915
9;2016;870.0;1067
10;2016;1732.0;1131
11;2016;936.0;1179
12;2016;213.2;960
1;2016;354.0;501
2;2016;426.0;331
3;2016;574.0;451
4;2016;374.0;458
5;2016;262.0;403
6;2016;378.0;338
7;2016;309.0;316
8;2016;698.0;461
9;2016;1329.0;778
10;2016;1283.0;1103
11;2016;1471.0;1361
12;2016;600.5;1118
1;2016;451.0;840
2;2016;475.0;508
3;2016;449.0;458
4;2016;214.0;379
5;2016;427.0;363
6;2016;145.0;262
7;2016;292.0;288
8;2016;317.0;251
9;2016;369.0;326
10;2016;408.0;364
11;2016;607.0;461
12;2016;86.1;367
1;2016;472.0;388
2;2016;326.0;294
3;2016;462.0;420
4;2016;410.0;399
5;2016;497.0;456
6;2016;204.0;370
7;2016;275.0;325
8;2016;363.0;280
9;2016;625.0;421
10;2016;518.0;502
11;2016;525.0;556
12;2016;197.0;413
1;2017;393.0;371
2;2017;332.0;307
3;2017;404.0;376
4;2017;41.0;259
5;2017;17.0;154
6;2017;204.0;87
7;2017;144.0;121
8;2017;0.0;116
9;2017;193.0;112
10;2017;327.0;173
11;2017;301.0;273
12;2017;79.0;235
1;2017;271.0;217
2;2017;334.0;228
3;2017;408.0;337
4;2017;499.0;413
5;2017;199.0;368
6;2017;205.0;301
7;2017;177.0;193
8;2017;0.0;127
9;2017;117.0;98
10;2017;611.0;242
11;2017;735.0;487
12;2017;317.0;554
1;2017;345.0;465
2;2017;433.0;365
3;2017;94.0;290
4;2017;424.0;317
5;2017;225.0;247
6;2017;54.0;234
7;2017;105.0;128
8;2017;15.0;58
9;2017;231.0;117
10;2017;491.0;245
11;2017;393.0;371
12;2017;387.0;423
1;2017;77.0;285
2;2017;87.0;183
3;2017;114.0;92
4;2017;104.0;101
5;2017;113.0;110
6;2017;100.0;105
7;2017;96.0;103
8;2017;149.0;115
9;2017;334.0;193
10;2017;278.0;253
11;2017;509.0;373
12;2017;285.0;357
1;2017;285.0;359
2;2017;494.0;354
3;2017;213.0;330
4;2017;378.0;361
5;2017;350.0;313
6;2017;306.0;344
7;2017;61.0;239
8;2017;15.0;127
9;2017;170.0;82
10;2017;995.0;393
11;2017;439.0;534
12;2017;205.0;546
1;2017;593.0;412
2;2017;527.0;441
3;2017;473.0;531
4;2017;496.0;498
5;2017;195.0;388
6;2017;32.0;241
7;2017;125.0;117
8;2017;60.0;72
9;2017;105.0;96
10;2017;502.0;222
11;2017;640.5;415
12;2017;251.0;464
1;2017;42.0;311
2;2017;172.0;155
3;2017;169.0;127
4;2017;151.0;164
5;2017;197.0;172
6;2017;309.0;219
7;2017;87.0;197
8;2017;0.0;132
9;2017;232.0;106
10;2017;561.0;264
11;2017;411.0;401
12;2017;81.0;351
1;2017;675.0;389
2;2017;415.0;390
3;2017;252.0;447
4;2017;566.0;411
5;2017;418.0;412
6;2017;477.0;487
7;2017;477.0;457
8;2017;76.0;343
9;2017;325.0;292
10;2017;688.0;363
11;2017;879.0;630
12;2017;380.0;649
1;2017;427.0;562
2;2017;289.0;365
3;2017;393.0;369
4;2017;487.0;389
5;2017;382.0;420
6;2017;280.0;383
7;2017;217.0;293
8;2017;43.0;180
9;2017;218.0;159
10;2017;399.0;220
11;2017;451.0;356
12;2017;343.0;397
1;2017;203.0;332
2;2017;290.0;278
3;2017;65.0;186
4;2017;332.0;229
5;2017;157.0;184
6;2017;113.0;200
7;2017;83.0;117
8;2017;9.0;68
9;2017;180.0;90
10;2017;0.0;63
11;2017;398.0;192
12;2017;143.0;180
1;2017;245.0;262
2;2017;226.0;204
3;2017;102.0;191
4;2017;205.0;177
5;2017;105.0;137
6;2017;301.0;203
7;2017;89.0;165
8;2017;27.0;139
9;2017;289.0;135
10;2017;677.0;331
11;2017;0.0;322
12;2017;94.0;257
1;2017;546.0;213
2;2017;498.0;379
3;2017;198.0;414
4;2017;453.0;383
5;2017;204.0;285
6;2017;113.0;256
7;2017;46.0;121
8;2017;11.0;56
9;2017;165.0;74
10;2017;387.0;187
11;2017;466.0;339
12;2017;316.0;389
1;2017;227.0;336
2;2017;120.0;221
3;2017;473.0;273
4;2017;124.0;239
5;2017;127.0;241
6;2017;44.0;98
7;2017;149.0;106
8;2017;0.0;64
9;2017;579.0;242
10;2017;823.0;467
11;2017;554.0;652
12;2017;284.0;553
1;2017;199.0;345
2;2017;341.0;274
3;2017;80.0;206
4;2017;336.0;252
5;2017;174.0;196
6;2017;181.0;230
7;2017;111.0;155
8;2017;17.0;103
9;2017;203.0;110
10;2017;0.0;73
11;2017;499.0;234
12;2017;130.0;209
1;2017;300.0;309
2;2017;435.0;288
3;2017;406.0;380
4;2017;244.0;361
5;2017;246.0;298
6;2017;175.0;221
7;2017;129.0;183
8;2017;0.0;101
9;2017;84.0;71
10;2017;0.0;28
11;2017;598.0;227
12;2017;317.0;305
1;2017;591.0;502
2;2017;356.0;421
3;2017;225.0;390
4;2017;256.0;279
5;2017;25.0;168
6;2017;43.0;108
7;2017;7.0;25
8;2017;0.0;16
9;2017;30.0;12
10;2017;207.0;79
11;2017;648.0;295
12;2017;533.0;462
1;2017;272.0;484
2;2017;953.0;586
3;2017;596.0;607
4;2017;448.0;665
5;2017;493.0;512
6;2017;535.0;492
7;2017;114.0;380
8;2017;15.0;221
9;2017;346.0;158
10;2017;1255.0;538
11;2017;615.0;738
12;2017;244.0;704
1;2017;556.0;471
2;2017;503.0;434
3;2017;537.0;532
4;2017;674.0;571
5;2017;384.0;531
6;2017;338.0;465
7;2017;269.0;330
8;2017;52.0;219
9;2017;177.0;166
10;2017;956.0;395
11;2017;1039.0;724
12;2017;481.0;825
1;2017;498.0;672
2;2017;440.0;473
3;2017;310.0;416
4;2017;582.0;444
5;2017;189.0;360
6;2017;170.0;313
7;2017;86.0;148
8;2017;33.0;96
9;2017;183.0;100
10;2017;502.0;239
11;2017;683.4;456
12;2017;251.0;478
1;2017;448.0;460
2;2017;356.0;351
3;2017;267.0;357
4;2017;450.0;357
5;2017;215.0;310
6;2017;119.0;261
7;2017;215.0;183
8;2017;63.0;132
9;2017;143.0;140
10;2017;565.0;257
11;2017;0.0;236
12;2017;251.0;272
1;2018;165.0;138
2;2018;449.0;288
3;2018;191.0;268
4;2018;230.0;290
5;2018;100.0;173
6;2018;128.0;152
7;2018;0.0;76
8;2018;0.0;42
9;2018;23.0;7
10;2018;97.0;40
11;2018;371.0;163
12;2018;365.0;277
1;2018;171.0;302
2;2018;458.0;331
3;2018;230.0;286
4;2018;596.0;428
5;2018;230.0;352
6;2018;65.0;297
7;2018;0.0;98
8;2018;12.0;25
9;2018;114.0;42
10;2018;93.0;73
11;2018;962.0;389
12;2018;582.0;545
1;2018;158.0;567
2;2018;307.0;349
3;2018;183.0;216
4;2018;233.0;241
5;2018;68.0;161
6;2018;100.0;133
7;2018;0.0;56
8;2018;5.0;35
9;2018;87.0;30
10;2018;162.0;84
11;2018;581.0;276
12;2018;271.0;338
1;2018;75.0;309
2;2018;85.0;143
3;2018;77.6;79
4;2018;241.8;134
5;2018;31.9;117
6;2018;188.9;154
7;2018;0.0;73
8;2018;0.0;62
9;2018;122.0;40
10;2018;97.0;73
11;2018;343.0;187
12;2018;149.0;196
1;2018;298.0;263
2;2018;195.0;214
3;2018;204.0;232
4;2018;285.0;228
5;2018;17.0;168
6;2018;95.0;132
7;2018;1.0;37
8;2018;13.0;36
9;2018;84.0;32
10;2018;104.0;67
11;2018;1222.0;470
12;2018;628.0;651
1;2018;361.0;737
2;2018;459.5;482
3;2018;436.5;419
4;2018;329.0;408
5;2018;265.0;343
6;2018;128.0;240
7;2018;0.0;131
8;2018;13.0;47
9;2018;148.0;53
10;2018;57.0;72
11;2018;472.0;225
12;2018;231.0;253
1;2018;153.0;285
2;2018;66.0;150
3;2018;195.0;138
4;2018;268.0;176
5;2018;78.0;180
6;2018;243.0;196
7;2018;0.0;107
8;2018;3.0;82
9;2018;189.0;64
10;2018;97.0;96
11;2018;833.0;373
12;2018;569.0;499
1;2018;246.0;549
2;2018;562.0;459
3;2018;485.0;431
4;2018;555.0;534
5;2018;289.0;443
6;2018;164.0;336
7;2018;0.0;151
8;2018;48.0;70
9;2018;222.0;90
10;2018;81.0;117
11;2018;139.0;147
12;2018;634.0;284
1;2018;185.0;319
2;2018;435.0;418
3;2018;216.0;278
4;2018;517.0;389
5;2018;237.0;323
6;2018;152.0;302
7;2018;8.0;132
8;2018;7.4;55
9;2018;57.0;24
10;2018;116.0;60
11;2018;547.0;240
12;2018;457.0;373
1;2018;186.0;396
2;2018;167.0;270
3;2018;204.0;185
4;2018;207.0;192
5;2018;80.0;163
6;2018;289.0;192
7;2018;3.0;124
8;2018;7.0;99
9;2018;73.0;27
10;2018;235.0;105
11;2018;1077.0;461
12;2018;247.0;519
1;2018;165.0;496
2;2018;153.0;188
3;2018;161.0;159
4;2018;198.0;170
5;2018;64.0;141
6;2018;258.0;173
7;2018;2.0;108
8;2018;0.0;86
9;2018;157.0;53
10;2018;215.0;124
11;2018;1119.0;497
12;2018;330.0;554
1;2018;130.0;526
2;2018;499.0;319
3;2018;0.0;209
4;2018;203.0;234
5;2018;220.0;141
6;2018;105.0;176
7;2018;1.0;108
8;2018;7.0;37
9;2018;62.0;23
10;2018;68.0;45
11;2018;310.0;146
12;2018;183.0;187
1;2018;167.0;220
2;2018;513.0;287
3;2018;341.0;340
4;2018;256.0;370
5;2018;51.0;216
6;2018;380.0;229
7;2018;0.0;143
8;2018;55.0;145
9;2018;258.0;104
10;2018;317.0;210
11;2018;1113.0;562
12;2018;722.0;717
1;2018;161.0;665
2;2018;174.0;352
3;2018;135.0;156
4;2018;208.0;172
5;2018;91.0;144
6;2018;247.0;182
7;2018;12.5;116
8;2018;5.0;88
9;2018;106.0;41
10;2018;207.0;106
11;2018;1195.0;502
12;2018;292.0;564
1;2018;177.0;554
2;2018;445.0;304
3;2018;224.5;282
4;2018;247.5;305
5;2018;109.0;193
6;2018;88.0;148
7;2018;0.0;65
8;2018;0.0;29
9;2018;25.0;8
10;2018;18.0;14
11;2018;410.0;151
12;2018;350.0;259
1;2018;370.0;376
2;2018;118.0;279
3;2018;233.0;240
4;2018;291.0;214
5;2018;0.0;174
6;2018;134.0;141
7;2018;0.0;44
8;2018;0.0;44
9;2018;75.0;25
10;2018;105.0;60
11;2018;904.0;361
12;2018;468.0;492
1;2018;190.0;520
2;2018;217.0;291
3;2018;277.0;228
4;2018;319.0;271
5;2018;265.0;287
6;2018;234.0;272
7;2018;14.0;171
8;2018;7.0;85
9;2018;141.0;54
10;2018;79.0;75
11;2018;1085.0;435
12;2018;476.0;546
1;2018;423.0;661
2;2018;666.0;521
3;2018;332.0;473
4;2018;505.0;501
5;2018;210.0;349
6;2018;213.58;309
7;2018;8.0;143
8;2018;0.0;73
9;2018;263.0;90
10;2018;99.0;120
11;2018;1101.0;487
12;2018;465.0;555
1;2018;190.0;585
2;2018;375.0;343
3;2018;347.0;304
4;2018;157.3;293
5;2018;185.5;229
6;2018;82.5;141
7;2018;2.2;90
8;2018;12.0;32
9;2018;169.0;61
10;2018;85.0;88
11;2018;597.0;283
12;2018;289.0;323
1;2018;186.5;357
2;2018;529.0;334
3;2018;333.0;349
4;2018;253.0;371
5;2018;126.0;237
6;2018;134.1;171
7;2018;14.5;91
8;2018;34.0;60
9;2018;118.0;55
10;2018;95.0;82
11;2018;570.0;261
12;2018;234.0;299
1;2019;450.0;418
2;2019;380.0;354
3;2019;740.0;523
4;2019;122.0;414
5;2019;0.0;287
6;2019;0.0;40
7;2019;0.0;0
8;2019;0.0;0
9;2019;0.0;0
10;2019;0.0;0
11;2019;0.0;0
12;2019;0.0;0
1;2019;395.0;131
2;2019;423.0;272
3;2019;413.0;410
4;2019;340.0;392
5;2019;203.0;318
6;2019;0.0;181
7;2019;0.0;67
8;2019;0.0;0
9;2019;2.0;0
10;2019;4.0;2
11;2019;0.0;2
12;2019;156.0;53
1;2019;259.0;138
2;2019;271.0;228
3;2019;305.0;278
4;2019;364.0;313
5;2019;116.0;261
6;2019;21.0;167
7;2019;19.0;52
8;2019;2.0;14
9;2019;7.0;9
10;2019;0.0;3
11;2019;69.0;25
12;2019;352.0;140
1;2019;48.5;156
2;2019;62.1;154
3;2019;142.7;84
4;2019;88.9;97
5;2019;106.1;112
6;2019;0.0;65
7;2019;0.7;35
8;2019;0.0;0
9;2019;0.0;0
10;2019;0.0;0
11;2019;110.8;36
12;2019;19.3;43
1;2019;266.0;132
2;2019;256.0;180
3;2019;466.0;329
4;2019;378.0;366
5;2019;175.0;339
6;2019;10.0;187
7;2019;4.0;63
8;2019;0.0;4
9;2019;0.0;1
10;2019;6.0;2
11;2019;239.0;81
12;2019;179.0;141
1;2019;283.0;233
2;2019;353.0;271
3;2019;400.0;345
4;2019;553.0;435
5;2019;85.0;346
6;2019;52.0;230
7;2019;29.5;55
8;2019;6.0;29
9;2019;0.0;11
10;2019;1.0;2
11;2019;103.0;34
12;2019;438.0;180
1;2019;139.0;226
2;2019;204.0;260
3;2019;321.0;221
4;2019;374.0;299
5;2019;428.0;374
6;2019;57.0;286
7;2019;0.0;161
8;2019;6.0;21
9;2019;0.0;2
10;2019;0.0;2
11;2019;192.0;64
12;2019;143.0;111
1;2019;386.0;240
2;2019;760.0;429
3;2019;511.0;552
4;2019;858.0;709
5;2019;0.0;456
6;2019;62.0;306
7;2019;63.0;41
8;2019;29.0;51
9;2019;0.0;30
10;2019;0.0;9
11;2019;196.0;65
12;2019;0.0;65
1;2019;311.0;169
2;2019;723.0;344
3;2019;504.0;512
4;2019;623.0;616
5;2019;204.0;443
6;2019;55.0;294
7;2019;43.0;100
8;2019;0.0;32
9;2019;3.0;15
10;2019;2.0;1
11;2019;45.0;16
12;2019;125.0;57
1;2019;99.0;89
2;2019;148.0;124
3;2019;457.0;234
4;2019;341.0;315
5;2019;120.0;306
6;2019;15.0;158
7;2019;6.0;47
8;2019;1.0;7
9;2019;1.0;2
10;2019;9.0;3
11;2019;107.0;39
12;2019;199.0;105
1;2019;201.0;169
2;2019;343.0;247
3;2019;546.0;363
4;2019;356.0;415
5;2019;122.0;341
6;2019;17.5;165
7;2019;0.0;46
8;2019;0.0;5
9;2019;0.0;0
10;2019;0.0;0
11;2019;436.0;145
12;2019;408.0;281
1;2019;336.0;393
2;2019;510.0;418
3;2019;346.0;397
4;2019;361.0;405
5;2019;88.0;265
6;2019;34.0;161
7;2019;18.0;46
8;2019;0.0;17
9;2019;1.0;6
10;2019;0.0;0
11;2019;35.0;12
12;2019;466.0;167
1;2019;416.0;305
2;2019;472.0;451
3;2019;747.0;545
4;2019;361.0;526
5;2019;171.0;426
6;2019;0.0;177
7;2019;12.0;61
8;2019;0.0;4
9;2019;3.0;5
10;2019;3.0;2
11;2019;394.0;133
12;2019;591.0;329
1;2019;133.0;372
2;2019;124.0;282
3;2019;475.0;244
4;2019;322.0;307
5;2019;110.5;302
6;2019;24.5;152
7;2019;6.5;47
8;2019;1.0;10
9;2019;1.0;2
10;2019;10.0;4
11;2019;134.5;48
12;2019;238.5;127
1;2019;564.0;312
2;2019;289.0;363
3;2019;0.0;284
4;2019;410.0;233
5;2019;134.0;181
6;2019;0.0;181
7;2019;0.0;44
8;2019;0.0;0
9;2019;0.0;0
10;2019;0.0;0
11;2019;0.0;0
12;2019;0.0;0
1;2019;160.0;53
2;2019;63.0;74
3;2019;625.0;282
4;2019;257.0;315
5;2019;35.0;305
6;2019;0.0;97
7;2019;0.0;11
8;2019;0.0;0
9;2019;0.0;0
10;2019;0.0;0
11;2019;5.0;1
12;2019;109.0;38
1;2019;97.0;70
2;2019;406.0;204
3;2019;372.0;291
4;2019;471.0;416
5;2019;104.0;315
6;2019;18.0;197
7;2019;12.0;44
8;2019;0.0;10
9;2019;0.0;4
10;2019;0.0;0
11;2019;190.0;63
12;2019;224.0;138
1;2019;784.0;399
2;2019;496.0;501
3;2019;830.0;703
4;2019;527.0;617
5;2019;178.0;511
6;2019;25.0;243
7;2019;29.0;77
8;2019;2.0;18
9;2019;2.0;11
10;2019;5.0;3
11;2019;162.0;56
12;2019;560.0;242
1;2019;277.0;333
2;2019;320.7;385
3;2019;390.7;329
4;2019;354.8;355
5;2019;91.4;278
6;2019;25.2;157
7;2019;37.6;51
8;2019;14.6;25
9;2019;6.4;19
10;2019;6.0;9
11;2019;191.8;68
12;2019;490.0;229
1;2019;226.0;302
2;2019;393.0;369
3;2019;519.0;379
4;2019;288.5;400
5;2019;125.5;311
6;2019;45.0;153
7;2019;47.0;72
8;2019;16.0;36
9;2019;14.0;25
10;2019;10.0;13
11;2019;76.5;33
12;2019;325.5;137
1;2020;558.0;320
2;2020;410.0;431
3;2020;195.0;387
4;2020;368.0;324
5;2020;315.0;292
6;2020;397.0;360
7;2020;59.0;257
8;2020;0.0;152
9;2020;171.5;76
10;2020;668.0;279
11;2020;676.0;505
12;2020;764.0;702
1;2020;486.0;642
2;2020;660.0;636
3;2020;513.0;553
4;2020;339.0;504
5;2020;427.0;426
6;2020;221.0;329
7;2020;13.0;220
8;2020;25.0;86
9;2020;92.0;43
10;2020;477.0;198
11;2020;368.0;312
12;2020;586.0;477
1;2020;441.0;465
2;2020;592.0;539
3;2020;449.0;494
4;2020;512.0;517
5;2020;267.0;409
6;2020;322.0;367
7;2020;67.0;218
8;2020;85.0;158
9;2020;334.0;162
10;2020;737.0;385
11;2020;588.0;553
12;2020;320.0;548
1;2020;64.9;324
2;2020;98.0;160
3;2020;119.2;94
4;2020;46.3;87
5;2020;998.8;388
6;2020;308.3;451
7;2020;95.6;467
8;2020;58.4;154
9;2020;99.3;84
10;2020;336.6;164
11;2020;220.0;218
12;2020;167.3;241
1;2020;200.0;195
2;2020;307.0;224
3;2020;195.0;234
4;2020;336.0;279
5;2020;209.0;246
6;2020;207.0;250
7;2020;70.0;162
8;2020;38.0;105
9;2020;177.0;95
10;2020;230.0;148
11;2020;246.0;217
12;2020;174.0;216
1;2020;405.0;275
2;2020;297.0;292
3;2020;349.0;350
4;2020;474.0;373
5;2020;267.0;363
6;2020;249.0;330
7;2020;75.0;197
8;2020;13.0;112
9;2020;97.0;61
10;2020;404.0;171
11;2020;371.0;290
12;2020;183.0;319
1;2020;243.0;265
2;2020;628.0;351
3;2020;360.0;410
4;2020;267.0;418
5;2020;625.0;417
6;2020;857.0;583
7;2020;205.0;562
8;2020;159.0;407
9;2020;70.0;144
10;2020;927.0;385
11;2020;1366.0;787
12;2020;671.0;988
1;2020;238.5;758
2;2020;361.5;423
3;2020;535.0;378
4;2020;437.0;444
5;2020;669.0;547
6;2020;598.0;568
7;2020;164.0;477
8;2020;0.0;254
9;2020;160.8;108
10;2020;763.9;308
11;2020;288.9;404
12;2020;396.4;483
1;2020;155.0;280
2;2020;267.0;272
3;2020;254.0;225
4;2020;481.0;333
5;2020;271.0;335
6;2020;346.0;366
7;2020;112.0;242
8;2020;39.0;165
9;2020;110.0;86
10;2020;199.0;115
11;2020;137.0;148
12;2020;180.0;171
1;2020;221.0;179
2;2020;356.0;252
3;2020;243.0;273
4;2020;136.5;245
5;2020;296.5;225
6;2020;278.0;236
7;2020;65.5;213
8;2020;59.5;134
9;2020;82.0;68
10;2020;716.0;285
11;2020;304.5;367
12;2020;367.5;462
1;2020;144.0;271
2;2020;319.0;276
3;2020;356.0;272
4;2020;283.5;319
5;2020;404.5;348
6;2020;390.5;359
7;2020;116.5;303
8;2020;54.0;186
9;2020;203.5;124
10;2020;916.0;391
11;2020;334.5;484
12;2020;426.5;559
1;2020;506.0;422
2;2020;296.0;409
3;2020;194.0;331
4;2020;323.0;270
5;2020;139.0;218
6;2020;313.0;258
7;2020;59.0;170
8;2020;35.0;135
9;2020;175.0;89
10;2020;391.0;200
11;2020;295.0;286
12;2020;393.0;359
1;2020;565.0;417
2;2020;247.0;401
3;2020;990.0;600
4;2020;235.0;490
5;2020;659.0;628
6;2020;488.0;460
7;2020;164.0;437
8;2020;138.0;263
9;2020;245.0;182
10;2020;877.0;420
11;2020;571.0;564
12;2020;430.0;626
1;2020;247.5;416
2;2020;373.0;350
3;2020;290.5;303
4;2020;219.0;294
5;2020;385.0;298
6;2020;457.5;353
7;2020;98.0;313
8;2020;96.0;217
9;2020;248.0;147
10;2020;1078.5;474
11;2020;349.0;558
12;2020;407.5;611
1;2020;218.5;325
2;2020;732.0;452
3;2020;709.0;553
4;2020;74.0;505
5;2020;285.5;356
6;2020;158.0;172
7;2020;0.0;147
8;2020;0.0;52
9;2020;91.5;30
10;2020;519.0;203
11;2020;346.5;319
12;2020;0.0;288
1;2020;370.0;238
2;2020;370.0;246
3;2020;565.0;435
4;2020;48.0;327
5;2020;276.0;296
6;2020;206.0;176
7;2020;0.0;160
8;2020;0.0;68
9;2020;215.0;71
10;2020;709.2;308
11;2020;325.6;416
12;2020;388.1;474
1;2020;320.0;344
2;2020;342.0;350
3;2020;290.0;317
4;2020;437.0;356
5;2020;389.0;372
6;2020;620.0;482
7;2020;73.0;360
8;2020;182.0;291
9;2020;120.0;125
10;2020;1222.0;508
11;2020;1265.0;869
12;2020;693.0;1060
1;2020;1331.5;1096
2;2020;1472.0;1165
3;2020;1340.0;1381
4;2020;770.0;1194
5;2020;1077.3;1062
6;2020;889.5;912
7;2020;99.5;688
8;2020;143.0;377
9;2020;275.0;172
10;2020;864.0;427
11;2020;895.0;678
12;2020;764.0;841
1;2020;460.8;706
2;2020;292.6;505
3;2020;256.5;336
4;2020;25.2;191
5;2020;147.3;143
6;2020;22.6;65
7;2020;159.1;109
8;2020;0.0;60
9;2020;191.5;116
10;2020;418.5;203
11;2020;398.6;336
12;2020;229.3;348
1;2020;602.0;409
2;2020;582.5;471
3;2020;395.0;526
4;2020;412.5;463
5;2020;446.0;417
6;2020;558.0;472
7;2020;114.5;372
8;2020;0.0;224
9;2020;206.0;106
10;2020;626.0;277
11;2020;435.5;422
12;2020;353.5;471
1;2021;81.0;290
2;2021;102.0;178
3;2021;53.0;78
4;2021;102.0;85
5;2021;40.0;65
6;2021;72.0;71
7;2021;25.0;45
8;2021;12.0;36
9;2021;40.0;25
10;2021;72.0;41
11;2021;72.0;61
12;2021;72.0;72
1;2021;81.0;75
2;2021;92.0;81
3;2021;39.0;70
4;2021;28.0;53
5;2021;55.0;40
6;2021;44.0;42
7;2021;31.0;43
8;2021;72.0;49
9;2021;72.0;58
10;2021;82.0;75
11;2021;61.0;71
12;2021;139.0;94
1;2021;55.0;85
2;2021;33.0;75
3;2021;48.0;45
4;2021;39.0;40
5;2021;18.0;35
6;2021;64.0;40
7;2021;46.0;42
8;2021;24.0;44
9;2021;49.0;39
10;2021;42.0;38
11;2021;42.0;44
12;2021;63.0;49
1;2021;33.0;46
2;2021;14.0;36
3;2021;15.0;20
4;2021;18.0;15
5;2021;5.0;12
6;2021;69.0;30
7;2021;85.0;53
8;2021;36.0;63
9;2021;84.0;68
10;2021;39.0;53
11;2021;39.0;54
12;2021;60.0;46
1;2021;16.0;38
2;2021;50.0;42
3;2021;24.0;30
4;2021;20.0;31
5;2021;15.0;19
6;2021;26.0;20
7;2021;26.0;22
8;2021;19.0;23
9;2021;88.0;44
10;2021;50.0;52
11;2021;50.0;62
12;2021;22.0;40
1;2021;53.0;41
2;2021;42.0;39
3;2021;93.0;62
4;2021;25.0;53
5;2021;61.0;59
6;2021;117.0;67
7;2021;0.0;59
8;2021;17.0;44
9;2021;37.0;18
10;2021;82.0;45
11;2021;82.0;67
12;2021;57.0;73
1;2021;69.0;69
2;2021;201.0;109
3;2021;121.0;130
4;2021;103.0;141
5;2021;113.0;112
6;2021;124.0;113
7;2021;68.0;101
8;2021;62.0;84
9;2021;15.0;48
10;2021;204.0;93
11;2021;204.0;141
12;2021;178.0;195
1;2021;58.0;146
2;2021;87.0;107
3;2021;52.0;65
4;2021;49.0;62
5;2021;120.0;73
6;2021;178.2;115
7;2021;96.4;131
8;2021;60.0;111
9;2021;80.0;78
10;2021;95.0;78
11;2021;95.0;90
12;2021;42.0;77
1;2021;19.0;52
2;2021;39.0;33
3;2021;44.0;34
4;2021;62.0;48
5;2021;41.0;49
6;2021;59.0;54
7;2021;31.0;43
8;2021;21.0;37
9;2021;16.0;22
10;2021;39.0;25
11;2021;39.0;31
12;2021;19.0;32
1;2021;44.0;34
2;2021;51.0;38
3;2021;46.0;47
4;2021;30.0;42
5;2021;66.0;47
6;2021;75.5;57
7;2021;16.5;52
8;2021;35.0;42
9;2021;35.0;28
10;2021;161.5;77
11;2021;161.5;119
12;2021;63.0;128
1;2021;51.0;91
2;2021;51.0;55
3;2021;57.0;53
4;2021;43.0;50
5;2021;84.0;61
6;2021;113.0;80
7;2021;57.5;84
8;2021;57.5;76
9;2021;71.0;62
10;2021;199.0;109
11;2021;83.0;117
12;2021;75.0;119
1;2021;80.0;79
2;2021;45.0;66
3;2021;27.0;50
4;2021;33.0;35
5;2021;70.0;43
6;2021;88.0;63
7;2021;45.0;67
8;2021;27.0;53
9;2021;43.0;38
10;2021;121.0;63
11;2021;121.0;95
12;2021;54.0;98
1;2021;93.0;89
2;2021;68.0;71
3;2021;387.0;182
4;2021;47.0;167
5;2021;93.0;175
6;2021;136.0;92
7;2021;47.0;92
8;2021;73.0;85
9;2021;60.0;60
10;2021;162.0;98
11;2021;162.0;128
12;2021;62.0;128
1;2021;51.0;91
2;2021;51.0;54
3;2021;57.0;53
4;2021;43.0;50
5;2021;84.0;61
6;2021;113.0;80
7;2021;57.5;84
8;2021;57.5;76
9;2021;71.0;62
10;2021;199.0;109
11;2021;83.0;117
12;2021;75.0;119
1;2021;101.0;86
2;2021;84.5;86
3;2021;49.0;78
4;2021;35.0;56
5;2021;41.0;41
6;2021;41.0;39
7;2021;39.0;40
8;2021;58.0;46
9;2021;43.5;46
10;2021;85.0;62
11;2021;85.0;71
12;2021;155.0;108
1;2021;220.0;153
2;2021;65.0;146
3;2021;80.0;121
4;2021;20.0;55
5;2021;35.0;45
6;2021;98.0;51
7;2021;0.0;44
8;2021;0.0;32
9;2021;107.0;35
10;2021;175.1;94
11;2021;175.1;152
12;2021;63.0;137
1;2021;127.0;121
2;2021;128.0;106
3;2021;54.0;103
4;2021;102.0;94
5;2021;54.0;70
6;2021;256.0;137
7;2021;49.0;119
8;2021;62.0;122
9;2021;85.0;65
10;2021;138.0;95
11;2021;138.0;120
12;2021;27.0;101
1;2021;297.0;154
2;2021;192.0;172
3;2021;160.0;216
4;2021;40.0;130
5;2021;212.0;137
6;2021;112.5;121
7;2021;101.0;141
8;2021;70.0;94
9;2021;195.0;122
10;2021;102.0;122
11;2021;102.0;133
12;2021;207.0;137
1;2021;49.8;119
2;2021;43.0;99
3;2021;59.0;50
4;2021;9.6;37
5;2021;23.0;30
6;2021;8.0;13
7;2021;29.1;20
8;2021;0.0;12
9;2021;38.0;22
10;2021;63.0;33
11;2021;63.0;54
12;2021;83.0;69
1;2021;69.0;71
2;2021;110.0;87
3;2021;35.0;71
4;2021;47.0;64
5;2021;143.0;75
6;2021;52.0;80
7;2021;71.0;88
8;2021;42.5;55
9;2021;74.5;62
10;2021;43.0;53
11;2021;43.0;53
12;2021;95.0;60
